Code,Summary
\tpublic int getPlayerPosition() {\n\t\treturn positions[positions.length-1];\n\t}\n,if mins or rate is less then zero throw exception
public void save preferences preference dto preference dto http servlet request request http session session theme display theme display theme display session get attribute theme display long organization theme display get scope group id account status notification service save preferences preference dto organization,checks user belongs to community and he is an admin or owner
public string get date long days new date get time post date get time 86400000 if days 7 date new else if days 14 date 1 week else if days 21 date 2 week else if days 30 date 3 week else if days 60 date 1 month else if days 90 date 2 months else if days 120 date 3 months else date format df new simple date format mmm yy date df format post date return date,new if posted less than 7days
private void validate first rental price int mims double rate if mims 0 rate 0 0 throw new invalid input exception,if mins or rate is less then zero throw exception
public void send reports this admin service send reports,not in use
public void save preferences preference dto preference dto http servlet request request http session session todo role check theme display theme display theme display session get attribute theme display long organization theme display get scope group id string user id theme display get user id string ip request get remote addr admin service save preferences preference dto get emails preference dto get timings organization user id ip,checks user belongs to community and he is an admin or owner
public boolean is session alive check if session has timedout invalidated if check session return check session return true,checks weather session has theme display
private buffered image scale to size buffered image upload image affine transform atx new affine transform atx scale 400d upload image get width 400d upload image get height affine transform op afop new affine transform op atx affine transform op type bilinear upload image afop filter upload image null return upload image,voodoo to scale the image to 200x200
private buffered image grafiti text on image buffered image upload image graphics2 d g2d upload image create graphics for int row 0 row 10 row string output null g2d set font new font sans serif font bold 16 g2d draw string output 5 row 1 20 return upload image,and scrawl the text on the image in 10 rows of 20 chars
public price value get price value price type price type price value result null if this transient price map null this price values size this transient price map size this recalculate prices map if this transient price map null this transient price map contains key price type result this transient price map get price type return result,gets the price value
"\tpublic int getPushesLowerbound() {\n\t\treturn pushesLowerbound;\n\t}\n,","""\t/**\n\t * Returns the pushes lowerbound of this board position.\n\t * \n\t * @return the pushes lowerbound\n\t */\n"","
public session open session return this session factory open session,opens a session and will not bind it to a session context
public void close if this session factory null this session factory close this session factory null,closes the session factory
private time series create price time series list hist price hist prices price type price type final time series result new time series highest for final hist price hist price hist prices result add new minute hist price get start date get time hist price get price price type return result,creates a timeseries for the pricetype of the histprices
private symbol create symbol string symbol string final symbol result new symbol result set currency eur result set symbol name symbol string result set factor 1 0 data access create result return result,creates the symbol
protected void add criteria identifier property descriptor object object item property descriptors add create item property descriptor composeable adapter factory adapter factory get root adapter factory get resource locator get string ui exit criteria criteria identifier feature get string ui property descriptor description ui exit criteria criteria identifier feature ui exit criteria type trading package literals exit criteria criteria identifier true false false item property descriptor integral value image null null,this adds a property descriptor for the criteria identifier feature
protected void add name property descriptor object object item property descriptors add create item property descriptor composeable adapter factory adapter factory get root adapter factory get resource locator get string ui symbol name feature get string ui property descriptor description ui symbol name feature ui symbol type trading package literals symbol name true false false item property descriptor generic value image null null,this adds a property descriptor for the name feature
protected void add symbol string property descriptor object object item property descriptors add create item property descriptor composeable adapter factory adapter factory get root adapter factory get resource locator get string ui symbol symbol string feature get string ui property descriptor description ui symbol symbol string feature ui symbol type trading package literals symbol symbol string true false false item property descriptor generic value image null null,this adds a property descriptor for the symbol string feature
protected void add factor property descriptor object object item property descriptors add create item property descriptor composeable adapter factory adapter factory get root adapter factory get resource locator get string ui symbol factor feature get string ui property descriptor description ui symbol factor feature ui symbol type trading package literals symbol factor true false false item property descriptor generic value image null null,this adds a property descriptor for the factor feature
protected void add currency property descriptor object object item property descriptors add create item property descriptor composeable adapter factory adapter factory get root adapter factory get resource locator get string ui symbol currency feature get string ui property descriptor description ui symbol currency feature ui symbol type trading package literals symbol currency true false false item property descriptor generic value image null null,this adds a property descriptor for the currency feature
protected void add volume property descriptor object object item property descriptors add create item property descriptor composeable adapter factory adapter factory get root adapter factory get resource locator get string ui hist price volume feature get string ui property descriptor description ui hist price volume feature ui hist price type trading package literals hist price volume true false false item property descriptor generic value image null null,this adds a property descriptor for the volume feature
protected void add trading start time property descriptor object object item property descriptors add create item property descriptor composeable adapter factory adapter factory get root adapter factory get resource locator get string ui symbol trading start time feature get string ui property descriptor description ui symbol trading start time feature ui symbol type trading package literals symbol trading start time true false false item property descriptor generic value image null null,this adds a property descriptor for the trading start time feature
protected void add spread property descriptor object object item property descriptors add create item property descriptor composeable adapter factory adapter factory get root adapter factory get resource locator get string ui hist price spread feature get string ui property descriptor description ui hist price spread feature ui hist price type trading package literals hist price spread true false false item property descriptor generic value image null null,this adds a property descriptor for the spread feature
protected void add trading end time property descriptor object object item property descriptors add create item property descriptor composeable adapter factory adapter factory get root adapter factory get resource locator get string ui symbol trading end time feature get string ui property descriptor description ui symbol trading end time feature ui symbol type trading package literals symbol trading end time true false false item property descriptor generic value image null null,this adds a property descriptor for the trading end time feature
protected void add strategy id property descriptor object object item property descriptors add create item property descriptor composeable adapter factory adapter factory get root adapter factory get resource locator get string ui strategy strategy id feature get string ui property descriptor description ui strategy strategy id feature ui strategy type trading package literals strategy strategy id true false false item property descriptor integral value image null null,this adds a property descriptor for the strategy id feature
protected void add value property descriptor object object item property descriptors add create item property descriptor composeable adapter factory adapter factory get root adapter factory get resource locator get string ui booking value feature get string ui property descriptor description ui booking value feature ui booking type trading package literals booking value true false false item property descriptor real value image null null,this adds a property descriptor for the value feature
protected void add start date property descriptor object object item property descriptors add create item property descriptor composeable adapter factory adapter factory get root adapter factory get resource locator get string ui hist price start date feature get string ui property descriptor description ui hist price start date feature ui hist price type trading package literals hist price start date true false false item property descriptor generic value image null null,this adds a property descriptor for the start date feature
protected void add future style property descriptor object object item property descriptors add create item property descriptor composeable adapter factory adapter factory get root adapter factory get resource locator get string ui symbol future style feature get string ui property descriptor description ui symbol future style feature ui symbol type trading package literals symbol future style true false false item property descriptor boolean value image null null,this adds a property descriptor for the future style feature
protected void add comment property descriptor object object item property descriptors add create item property descriptor composeable adapter factory adapter factory get root adapter factory get resource locator get string ui strategy comment feature get string ui property descriptor description ui strategy comment feature ui strategy type trading package literals strategy comment true false false item property descriptor generic value image null null,this adds a property descriptor for the comment feature
protected void add currency property descriptor object object item property descriptors add create item property descriptor composeable adapter factory adapter factory get root adapter factory get resource locator get string ui booking currency feature get string ui property descriptor description ui booking currency feature ui booking type trading package literals booking currency true false false item property descriptor generic value image null null,this adds a property descriptor for the currency feature
protected void add mode property descriptor object object item property descriptors add create item property descriptor composeable adapter factory adapter factory get root adapter factory get resource locator get string ui strategy mode feature get string ui property descriptor description ui strategy mode feature ui strategy type trading package literals strategy mode true false false item property descriptor generic value image null null,this adds a property descriptor for the mode feature
protected void add initial margin property descriptor object object item property descriptors add create item property descriptor composeable adapter factory adapter factory get root adapter factory get resource locator get string ui symbol initial margin feature get string ui property descriptor description ui symbol initial margin feature ui symbol type trading package literals symbol initial margin true false false item property descriptor real value image null null,this adds a property descriptor for the initial margin feature
protected void add end date property descriptor object object item property descriptors add create item property descriptor composeable adapter factory adapter factory get root adapter factory get resource locator get string ui hist price end date feature get string ui property descriptor description ui hist price end date feature ui hist price type trading package literals hist price end date true false false item property descriptor generic value image null null,this adds a property descriptor for the end date feature
protected void add creation date property descriptor object object item property descriptors add create item property descriptor composeable adapter factory adapter factory get root adapter factory get resource locator get string ui strategy creation date feature get string ui property descriptor description ui strategy creation date feature ui strategy type trading package literals strategy creation date true false false item property descriptor generic value image null null,this adds a property descriptor for the creation date feature
protected void add active property descriptor object object item property descriptors add create item property descriptor composeable adapter factory adapter factory get root adapter factory get resource locator get string ui booking active feature get string ui property descriptor description ui booking active feature ui booking type trading package literals booking active true false false item property descriptor boolean value image null null,this adds a property descriptor for the active feature
protected void add timebase property descriptor object object item property descriptors add create item property descriptor composeable adapter factory adapter factory get root adapter factory get resource locator get string ui hist price timebase feature get string ui property descriptor description ui hist price timebase feature ui hist price type trading package literals hist price timebase true false false item property descriptor integral value image null null,this adds a property descriptor for the timebase feature
protected void add date property descriptor object object item property descriptors add create item property descriptor composeable adapter factory adapter factory get root adapter factory get resource locator get string ui trade date feature get string ui property descriptor description ui trade date feature ui trade type trading package literals trade date true false false item property descriptor generic value image null null,this adds a property descriptor for the date feature
protected void add identifier property descriptor object object item property descriptors add create item property descriptor composeable adapter factory adapter factory get root adapter factory get resource locator get string ui option identifier feature get string ui property descriptor description ui option identifier feature ui option type trading package literals option identifier true false false item property descriptor integral value image null null,this adds a property descriptor for the identifier feature
protected void add value property descriptor object object item property descriptors add create item property descriptor composeable adapter factory adapter factory get root adapter factory get resource locator get string ui trade value feature get string ui property descriptor description ui trade value feature ui trade type trading package literals trade value true false false item property descriptor generic value image null null,this adds a property descriptor for the value feature
protected void add option type property descriptor object object item property descriptors add create item property descriptor composeable adapter factory adapter factory get root adapter factory get resource locator get string ui option option type feature get string ui property descriptor description ui option option type feature ui option type trading package literals option option type true false false item property descriptor generic value image null null,this adds a property descriptor for the option type feature
protected void add strategy property descriptor object object item property descriptors add create item property descriptor composeable adapter factory adapter factory get root adapter factory get resource locator get string ui trade strategy feature get string ui property descriptor description ui trade strategy feature ui trade type trading package literals trade strategy true false false item property descriptor integral value image null null,this adds a property descriptor for the strategy feature
protected void add take profit property descriptor object object item property descriptors add create item property descriptor composeable adapter factory adapter factory get root adapter factory get resource locator get string ui position take profit feature get string ui property descriptor description ui position take profit feature ui position type trading package literals position take profit true false false item property descriptor real value image null null,this adds a property descriptor for the take profit feature
protected void add int option property descriptor object object item property descriptors add create item property descriptor composeable adapter factory adapter factory get root adapter factory get resource locator get string ui option int option feature get string ui property descriptor description ui option int option feature ui option type trading package literals option int option true false false item property descriptor integral value image null null,this adds a property descriptor for the int option feature
protected void add stop loss property descriptor object object item property descriptors add create item property descriptor composeable adapter factory adapter factory get root adapter factory get resource locator get string ui position stop loss feature get string ui property descriptor description ui position stop loss feature ui position type trading package literals position stop loss true false false item property descriptor real value image null null,this adds a property descriptor for the stop loss feature
protected void add open property descriptor object object item property descriptors add create item property descriptor composeable adapter factory adapter factory get root adapter factory get resource locator get string ui trade open feature get string ui property descriptor description ui trade open feature ui trade type trading package literals trade open true false false item property descriptor boolean value image null null,this adds a property descriptor for the open feature
protected void add close price property descriptor object object item property descriptors add create item property descriptor composeable adapter factory adapter factory get root adapter factory get resource locator get string ui trade close price feature get string ui property descriptor description ui trade close price feature ui trade type trading package literals trade close price true false false item property descriptor real value image null null,this adds a property descriptor for the close price feature
protected void add double option property descriptor object object item property descriptors add create item property descriptor composeable adapter factory adapter factory get root adapter factory get resource locator get string ui option double option feature get string ui property descriptor description ui option double option feature ui option type trading package literals option double option true false false item property descriptor real value image null null,this adds a property descriptor for the double option feature
protected void add string option property descriptor object object item property descriptors add create item property descriptor composeable adapter factory adapter factory get root adapter factory get resource locator get string ui option string option feature get string ui property descriptor description ui option string option feature ui option type trading package literals option string option true false false item property descriptor generic value image null null,this adds a property descriptor for the string option feature
public void init iworkbench workbench istructured selection selection this workbench workbench this selection selection set window title trading editor plugin instance get string ui wizard label set default page image descriptor extended image registry instance get image descriptor trading editor plugin instance get image full wizban new trading,this just records the information
protected eobject create initial model eclass e class eclass trading package get eclassifier initial object creation page get initial object name eobject root object trading factory create e class return root object,create a new model
public composite build return this composite,builds the composite
public composite builder set number of columns int columns this layout new grid layout this layout margin height 3 this layout margin width 4 this layout num columns columns this composite set layout this layout return this,b mandatory to be called b
public combiner create combiner object objects combiner result null boolean all correct clazz true if this clazzes size objects length all correct clazz false else final iterator class iclazzes this clazzes iterator for int i 0 i objects length i final class o2 iclazzes next if objects i get class o2 all correct clazz false if all correct clazz result new combiner objects return result,creates the combiner
protected string get label string type name try return trading edit plugin instance get string ui type name type catch missing resource exception mre trading editor plugin instance log mre return type name,returns the label for the specified type name
private tree object create dummy model tree object to1 new tree double linked inbox tree object to2 new tree double linked drafts tree object to3 new tree double linked sent tree double linked p1 new tree double linked me this com p1 add child to1 p1 add child to2 p1 add child to3 tree object to4 new tree double linked inbox tree double linked p2 new tree double linked other aol com p2 add child to4 tree double linked root new tree double linked root add child p1 root add child p2 return root,we will set up a dummy model to initialize tree heararchy
private jfree chart create chart final named single high low data set dataset final jfree chart chart chart factory create candlestick chart dataset get data name time value dataset true return chart,creates a chart
public number get close int series int item final high low storage high low storage this number map data set get item if high low storage null return high low storage get number value storage value type close price else return null,returns the close value for one item in a series
public double get close value int series int item double result double na n final number close this get close series item if close null result close double value return result,returns the close value as a double primitive for an item within a
public number get high int series int item final high low storage high low storage this number map data set get item if high low storage null return high low storage get number value storage value type high price else return null,returns the high value for one item in a series
public double get high value int series int item double result double na n final number high this get high series item if high null result high double value return result,returns the high value as a double primitive for an item within a
public int get item count int series return this sortedby date data set size,returns the number of items in the specified series
public number get low int series int item final high low storage high low storage this number map data set get item if high low storage null return high low storage get number value storage value type low price else return null,returns the low value for one item in a series
public double get low value int series int item double result double na n final number low this get low series item if low null result low double value return result,returns the low value as a double primitive for an item within a
public number get open int series int item final high low storage high low storage this number map data set get item if high low storage null return high low storage get number value storage value type open price else return null,returns the open value for one item in a series
public double get open value int series int item double result double na n final number open this get open series item if open null result open double value return result,returns the open value as a double primitive for an item within a
public number get volume int series int item final high low storage high low storage this number map data set get item if high low storage null return high low storage get number value storage value type volume else return null,returns the volume value for one item in a series
public double get volume value int series int item double result double na n final number volume this get volume series item if volume null result volume double value return result,returns the volume value as a double primitive for an item within a
public number get x int series int item final high low storage high low storage this number map data set get item if high low storage null return high low storage get date value storage value type date get time else return null,returns the x value for one item in a series
public date get xdate int series int item final high low storage high low storage this number map data set get item if high low storage null return high low storage get date value storage value type date else return null,returns the x value for one item in a series as a date
public number get y int series int item return this get close series item,returns the y value for one item in a series
protected void handle activate recompute the read only state if editing domain get resource to read only map null editing domain get resource to read only map clear refresh any actions that may become enabled or disabled set selection get selection if removed resources is empty if handle dirty conflict get site get page close editor trading editor this false else removed resources clear changed resources clear saved resources clear else if changed resources is empty changed resources remove all saved resources handle changed resources changed resources clear saved resources clear,handles activation of the editor or its associated views
public boolean get trim whitespace return this user settings trim whitespace,gets whether leading and trailing whitespace characters are being trimmed
public void set trim whitespace boolean trim whitespace this user settings trim whitespace trim whitespace,sets whether leading and trailing whitespace characters should be trimmed
public char get delimiter return this user settings delimiter,gets the character being used as the column delimiter
public void set delimiter char delimiter this user settings delimiter delimiter,sets the character to use as the column delimiter
public void set record delimiter char record delimiter this use custom record delimiter true this user settings record delimiter record delimiter,sets the character to use as the record delimiter
public adapter create hist price adapter return null,creates a new adapter for an object of class
public adapter create symbol adapter return null,creates a new adapter for an object of class
public adapter create trade adapter return null,creates a new adapter for an object of class
public adapter create exit criteria adapter return null,creates a new adapter for an object of class
public adapter create booking adapter return null,creates a new adapter for an object of class
public char get text qualifier return this user settings text qualifier,gets the character to use as a text qualifier in the data
public void set use text qualifier boolean use text qualifier this user settings use text qualifier use text qualifier,sets whether text qualifiers will be used while parsing or not
public char get comment return this user settings comment,gets the character being used as a comment signal
public void set comment char comment this user settings comment comment,sets the character to use as a comment signal
public boolean get use comments return this user settings use comments,gets whether comments are being looked for while parsing or not
public diagnostic analyze resource problems resource resource exception exception if resource get errors is empty resource get warnings is empty basic diagnostic basic diagnostic new basic diagnostic diagnostic error strategy tester editor 0 get string ui create model error message resource get uri new object exception null object resource exception basic diagnostic merge ecore util compute diagnostic resource true return basic diagnostic else if exception null return new basic diagnostic diagnostic error strategy tester editor 0 get string ui create model error message resource get uri new object exception else return diagnostic ok instance,returns a diagnostic describing the errors and warnings listed in the resource
public boolean get safety switch return this user settings safety switch,safety caution to prevent the parser from using large amounts of memory
public void set safety switch boolean safety switch this user settings safety switch safety switch,safety caution to prevent the parser from using large amounts of memory
public int get column count return this columns count,gets the count of columns found in this record
public long get current record return this current record 1,gets the index of the current record
public int get header count return this headers holder length,gets the count of headers read in by a previous call to
public string get int column index throws ioexception this check closed if column index 1 column index this columns count return this values column index else return null,returns the current column value for a given column index
public string get string header name throws ioexception this check closed return this get this get index header name,returns the current column value for a given column header name
public boolean read headers throws ioexception final boolean result this read record copy the header data from the column array to the header string array this headers holder length this columns count this headers holder headers new string this columns count for int i 0 i this headers holder length i final string column value this get i this headers holder headers i column value if there are duplicate header names we will save the last one this headers holder index by name put column value new integer i if result this current record this columns count 0 return result,read the first record of data as column headers
public string get header int column index throws ioexception this check closed check to see if we have read the header record yet check to see if the column index is within the bounds of our header array if column index 1 column index this headers holder length return the processed header data for this column return this headers holder headers column index else return,returns the column header value for a given column index
public int get index string header name throws ioexception this check closed final object index value this headers holder index by name get header name if index value null return integer index value int value else return 1,gets the corresponding column index for a given column header name
public boolean skip record throws ioexception this check closed boolean record read false if this has more data record read this read record if record read this current record return record read,skips the next record of data by parsing each column
public void close if this closed this close true this closed true,closes and releases all related resources
public iproperty sheet page get property sheet page if property sheet page null property sheet page new extended property sheet page editing domain override public void set selection to viewer list selection trading editor this set selection to viewer selection trading editor this set focus override public void set action bars iaction bars action bars super set action bars action bars get action bar contributor share global actions this action bars property sheet page set property source provider new adapter factory content provider adapter factory return property sheet page,this accesses a cached version of the property sheet
public void set if handles is empty return enumeration en handles elements context map position points new context map position handles size for int i 0 en has more elements i points i default handle en next element get position triple layout set line points,sets the current positions
public void set if handles is empty return enumeration en handles elements context map position points new context map position handles size for int i 0 en has more elements i points i default handle en next element get position statement layout set box line points,sets the current positions
public void add handles collection handles iterator it handles iterator while it has next handle handle handle it next if handles check add handle this handles add handle,takes care of handles without parents
public boolean update edit event e return true,this function is called to give the handled object the opportunity to
protected void end drag map event m sel new vector iterator it handles iterator while it has next handle ha handle it next if ha is selected sel add ha undraws the marking rectangle xor if g null g set color color black g set xormode color white affine transform transform displayer get transform rectangle trans transform create transformed shape pr get bounds g draw rect trans x trans y trans width trans height g set paint mode g null remove all handles component repaint,collects the convenience set of selected handles for later use
public void detach handles null handles check null,always call detach on an handled object before you throw it away
public void paint graphics2 d g graphics2 d original super paint g original if this g null original set color color black original set xormode color white affine transform transform displayer get transform rectangle trans transform create transformed shape pr get bounds original draw rect fix x trans x fix y trans y trans width trans height original set paint mode,paints either the marking rectangle or the map size mark
protected void install map scroll pane pane layer component layer if layer has fixed level pane get layered pane add layer layer get fixed level for layer else pane get layered pane add layer new integer map scroll pane edit layer int value layers size layers search layer layer activate pane,installs a layer in the layeredpane and activates it the layer have to
protected void deinstall map scroll pane pane layer component layer int ind pane get layered pane get index of layer if ind 1 pane get layered pane remove ind layer deactivate pane,reverses the install function
private void fix local copy fix local copy string data get specify container info container uri fix local copy string data get specify container pres container uri,makes sure that the local directory is created
public void value changed list selection event e if e get value is adjusting return context map context map jlist e get source get selected value refresh details,captures when a contextmap has been selected in the list
public void action performed action event e container container jcombo box e get source get selected item refresh explorer refresh details,captures when the container is changed
private void init tree add tree selection listener this add tree will expand listener this add mouse listener this add key listener this tool tip manager shared instance register component this set autoscrolls true set row height images get image icon images icon session open get icon height 2 set custom icons,initializes tree settings and adds listeners
public void refresh session node get model get root remove all children add sessions to root,removes all sessions from the root node and adds them from new
public void show dialog new thread new runnable public void run init session list set visible true object item session combo box get selected item if item instanceof session update map list session session combo box get selected item start,shows the dialog and returns immediately
private void add sessions to root session node root session node get model get root list sessions get session list true for iterator it sessions iterator it has next session node node new session node it next session node type session root add node default tree model get model reload,adds sessions as nodes with the root node as parent
public void action performed action event e if session manager get sessions size 0 joption pane show message dialog null please create a session first no sessions found joption pane error message return dialog new session browser session manager dialog add property change listener session browsing tool this dialog show dialog,shows the dialog to browse through the sessions
public void property change property change event e if e get new value null set maps set e get new value if e get property name equals session browser button open if maps iterator has next open map context map maps iterator next get uri false else if e get property name equals session browser button open new view for iterator it maps iterator it has next open map context map it next get uri true dialog remove property change listener this dialog dispose,reacts on button clicks from within the dialog
private void open map string uri string boolean new view if uri string null uri uri uri create uri string try if new view conzilla kit get default kit get conzilla open map in new view uri controller else conzilla kit get default kit get conzilla open map in old view uri controller get view catch controller exception e error message show error unable to open map conzilla was not able to open the context map e null,opens a context map
private void set custom icons default tree cell renderer renderer new session tree cell renderer set cell renderer renderer,changes the icons of the tree
private void init session list list session sessions get session list if sessions size 0 session combo box set enabled false combo box model model new default combo box model sessions to array session combo box set model model,initializes the combo box for choosing sessions with a model containing a
private void update map list session session set cursor cursor get predefined cursor cursor wait cursor if session null return list maps get maps of session session default list model model new default list model for iterator it maps iterator it has next model add element it next map list set model model set cursor cursor get default cursor,updates the list of context maps according to the specified session
private void open map final string uri string final boolean new view if uri string null boolean threaded configuration manager get configuration get boolean settings conzilla maps threaded false if threaded thread thread new thread new runnable public void run open map unthreaded uri string new view thread start else open map unthreaded uri string new view,opens a context map
public void tree will expand tree expansion event e throws expand veto exception session node node session node e get path get last path component if node get user object instanceof session if set children of session node node throw new expand veto exception e unable to expand the node containers or maps could not be loaded,adds maps to a session node before it collapses
public void value changed tree selection event evt selected tree path evt get new lead selection path if selected tree path null selected node null return selected node session node selected tree path get last path component,sets the selected node value if the the selected value in the tree
private void toggle details if details button is selected main panel add details pane border layout page end else main panel remove details pane dialog pack,switches the detailed view on and off
private void cancel if details button is selected details button set selected true toggle details print information n publishing cancelled please check for errors above aborted true close button set enabled true,called when something goes wrong and the activity is cancelled
private void done if aborted close on finished is selected dialog dispose owner dispose else progress bar set value 100 close button set enabled true,completes the process and closes the dialog depending on the setting
private void load locations list location information loc list collab config get locations locations model new default combo box model new vector location information loc list destination combo box set model locations model,loads available locations from the configuration
public void set percentage int percentage if progress bar is indeterminate percentage 0 progress bar set indeterminate false progress bar set value percentage,sets the percentage of the progress bar
public void set visible final boolean visible this blocks on a jdialog so we run it in a thread new thread new runnable public void run dialog set visible visible start,sets the visibility of the dialog
public void dispose dialog dispose,disposes the dialog
private void publish this session context map get component manager get editing sesssion final progress information info new progress information publish map dialog this publishing progress info set visible true new thread new runnable public void run context map publisher publisher new context map publisher controller context map get location information get map meta data get contribution meta data publisher add property change listener info publisher publish publisher remove property change listener info start,starts the publishing process
public boolean show dialog set visible true return closed with ok,shows the dialog
public location information get location information return new location information title field get text desc field get text publishing location field get text public location field get text,used to read information out of the dialog
public void key released key event e bookmark node node tree get selected node if node null return switch e get key code case key event vk enter open map bookmark information node get user object get uri controller break case key event vk delete delete node node break,deals with the most common key events
private void load model file model file buffered input stream bis null xmldecoder input null try log debug loading data from model file bis new buffered input stream new file input stream model file buffer size try input new xmldecoder bis model bookmark tree model input read object catch exception e log error error when loading old model e log info will create new model create model catch ioexception ioe throw new info message exception unable to load cache index ioe finally if input null input close,loads the tree model from an xml file
private void create model bookmark information root new bookmark information root bookmarks bookmark information type folder model new default tree model new bookmark node root model new bookmark tree model,creates the tree model
private tool get manage bookmarks final tools menu tm final map controller mc final bookmark tree tree tool t new tool manage bookmarks null public void action performed action event ae final view active view mc get view if visible views contains key active view active view remove from left jscroll pane visible views get active view visible views remove active view jscroll pane scrollpane new jscroll pane tree mc get view add to left scrollpane bookmarks new action listener public void action performed action event e visible views remove active view visible views put active view scrollpane return t,creates and returns the manage bookmarks tool
public boolean show dialog if show tree label create set visible true separator set visible true tree new bookmark tree conzilla kit get default kit get bookmark store get tree model controller scroll pane set viewport view tree scroll pane set visible true pack set location relative to conzilla kit get default kit get conzilla get view manager get window set visible true return closed with ok,shows the dialog
protected void add entry bookmark node node bookmark information new info bookmark node parent node bookmark node node get parent bookmark node new node new bookmark node new info if node get allows children node add new node else if parent node null int pos parent node get index node parent node insert new node pos default tree model tree get model reload new node get parent tree expand path new tree path bookmark node new node get parent get path,creates a new node as sibling or child of an already existing node
private void show menu point pt tree path path tree get path for location pt x pt y if path null path new tree path bookmark node tree get model get root get path else tree set selection path path create menu path show tree pt x pt y,shows a popup menu at the current mouse position
private void set custom icons default tree cell renderer renderer new default tree cell renderer renderer set open icon images get image icon images icon bookmark folder open renderer set closed icon images get image icon images icon bookmark folder closed renderer set leaf icon images get image icon images icon bookmark set cell renderer renderer,changes the icons of the tree
public string get tool tip text mouse event evt if get row for location evt get x evt get y 1 return null tree path cur path get path for location evt get x evt get y return bookmark node cur path get last path component get tool tip text,we show our own tooltips
private void edit location button action performed action event evt int index locations list get selected index if index 1 location information info location information locations list get selected value publishing location dialog dialog new publishing location dialog this info if dialog show dialog location information new info dialog get location information locations model set element at new info index,shows a dialog to edit an already existing location entry
private void remove location button action performed action event evt int index locations list get selected index if index 1 locations model remove index if index locations model get size index locations list set selected index index locations list ensure index is visible index,removes the currently selected entry from the list
private boolean is valid drop target tree path destination tree path dropper if dropper null dropper get parent path null return false if dropper get parent path equals destination return false if destination null return false if destination equals dropper return false if dropper is descendant destination return false return true,determines whether the drop target dropped element combination is
private void ok button action performed action event evt string message setting status if message null set visible false store settings dispose else joption pane show message dialog this message incomplete configuration joption pane error message,stores the settings and disposes the window
private void store settings collaborilla configuration collab config new collaborilla configuration configuration manager get configuration collab config set collaborilla service root service field get text collab config set proxy server proxy server field get text collab config set proxy port proxy port field get text collab config store locations locations model collab config set user namespace namespace field get text save agent information,stores the settings to the configuration
public int filter rgb int x int y int rgb if rgb 0xff000000 0 return color return rgb,if pixel is transparent return the fixed color otherwise return the
public void add tab wizard component wc wizard components add wc,should be called before
public void paint border component c graphics g int x int y int width int height translate once x y width height color old color g get color g set color color graphics2 d g fill polygon g set color old color,paints the matte border
public boolean is border opaque if a tile icon is set then it may contain transparent bits return true,returns whether or not the border is opaque
protected void activate old description impl description panel desc,override to add behaviour such as move description to front etc
protected void in activate old description impl description panel desc,override to add behaviour such as move description to back etc
protected void un register keyboard actions jcomponent comp if registered key board actions comp null return the way to do it after java 1 3 input map i map old comp get input map jcomponent when focused action map a map old comp get action map if i map old null comp set input map jcomponent when focused i map old get parent if a map old null comp set action map a map old get parent registered key board actions false,a helpfull function for unregistering the listeners with a jcomponent
public void remove all popups remove description enumeration en descriptions elements for en has more elements remove description impl description panel en next element descriptions new hashtable refresh,removes all popups
protected void update description object o timer stop will be next trigger o will be next component get component from trigger o object o1 get description lookup object original trigger object o2 get description lookup object o if current active description is not locked if description null o1 null descriptions get o1 null remove description if is popup trigger o return if o1 o2 description null if activate old description o return timer restart,removes changes activates descriptions and restarts the timer
private boolean activate old description object o tracer debug activate old description if description null in activate old description impl description description null original trigger null object look get description lookup object o if look null description description panel descriptions get look if description null original trigger o activate old description impl description return true return false,activates the description currently in focus if any
protected void show new description if description null will be next component null descriptions contains get description lookup object will be next trigger return description panel new description new description panel will be next component get scale pt2qt if new description get visible return description new description show new description impl new description adjust position new description will be next trigger original trigger will be next trigger refresh,the timer calls this function when the description should popup
protected void lock description if description null object o get description lookup object original trigger if o null descriptions put o description,locks a description so it stays when you go on to next component
public void remove description timer stop if description null remove description impl description refresh object o get description lookup object original trigger if o null descriptions remove o description null,removes the current description locked or not
public void remove from right component comp right panel remove tab comp,removes the given component from the right panel
protected void init default root pane container,by overriding it empty we make sure that there is
public void remove from left component comp left panel remove tab comp,removes the given component from the left panel
public void fix left divider location int left divider location 0 if view get left panel null view get left panel is empty component left comp left splitter get left component dimension dim left comp null left comp get preferred size null if dim null dim width 0 left divider location dim width 5 if left divider location 200 left divider location 200 left divider location configuration manager get configuration get int settings conzilla splitpane left width left divider location left splitter set divider location left divider location left splitter revalidate,calculates and sets the location for the left divider
public void add tool final exclusive state tool tool if get active tool null tool set activated false tool add property change listener this tools add element tool,adds a tool to this tool set
public void remove tool exclusive state tool tool tool remove property change listener this tools remove element tool,removes a tool from this tool set
public void remove all tools for int i 0 i tools size i exclusive state tool tool exclusive state tool tools element at i tool remove property change listener this tools remove all elements,removes all tools from this tool set
public exclusive state tool get active tool for int i 0 i tools size i exclusive state tool tool exclusive state tool tools element at i if tool is activated return tool return null,returns the currently active exclusive tool
public string get text return string get value name,returns the name of the tool
public abstract button get tool button tool tool return abstract button tool items get tool,returns the menu item for a given tool
public enumeration get tools return tool items keys,fetch all tools in this menu
public jmenu item add tool final tool tool int prio tools2 prio put tool new integer prio add tool impl tool prio return null,adds a tool to the menu
public void remove tool tool t abstract button item get tool button t if item null return remove item t remove property change listener this configuration manager get configuration remove property change listener color theme colortheme this tool items remove t,removes a tool from this menu
public void remove all tools enumeration tools tool items keys for tools has more elements remove tool tool tools next element,removes all tools from this menu
public void remove tool tool t tools2 prio remove t j ittools remove t tool items remove t,removes a tool from this menu
public jmenu item add tools menu final tools menu menu int prio tools2 prio put menu new integer prio super add menu set priority menu prio return null,adds a tools menu to the menu
public set get tools return tools2 prio key set,fetch all tools in this menu
public void remove all tools tools2 prio new hash map component comps get popup menu get components for int i 0 i comps length i if comps i instanceof jseparator continue remove comps i,removes all tools from this menu
private void remove file lock if lock null try lock release catch ioexception e1 if channel null try channel close catch ioexception e,removes the file lock
private void delete file if file null file exists file can write file delete,deletes the lock file
private void reset scroll bar position final jscroll pane scroll pane swing utilities invoke later new runnable public void run jscroll bar v scroll bar scroll pane get vertical scroll bar v scroll bar set value v scroll bar get minimum jscroll bar h scroll bar scroll pane get horizontal scroll bar h scroll bar set value h scroll bar get minimum,sets the position of the scrollbars content to the left upper corner
public void add close button action listener action listener listener close button add action listener listener,adds an action listener to the close button
public void remove close button action listener action listener listener close button remove action listener listener,removes an action listener from the close button
private set get mark set hash set set new hash set set add marked get concept get uri get mark set marked marked get concept set controller get map scroll pane get displayer return set,calculates a set of direct and indirect markes from the original mark
private void write port number to file try print writer printer new print writer file printer println socket get local port printer close catch file not found exception e log error e file delete on exit,writes the port where the socket is listening at into a file
public void start try socket new datagram socket new inet socket address inet address get local host 0 catch ioexception e log error e return log info listening on socket get local socket address runtime get runtime add shutdown hook new thread public void run log info shutting down listener on socket get local socket address if socket null socket close write port number to file this is not multi threaded on purpose while true wait and serve client,this method does not return ideally started as thread
private int read port number from file file file buffered reader reader null string port str null try reader new buffered reader new file reader file port str reader read line catch ioexception e log error e finally if reader null try reader close catch ioexception ignored int port 1 if port str null try port integer parse int port str catch number format exception nfe log error nfe return port,writes the port where the socket is listening at into a file
public tree tag node get filter node return filter concept,the filternode is created from a concept
public string get filter tag meta data md filter concept get meta data string title meta data utils get localized string md get metametadata language md get general title string if title length 0 title filter concept get uri return title fixme filter tags has to be represented in another way return null,returns the filtertag of this node
public filter node get refine int index return filter node refines element at index,returns the refine at given index of this node
public int num of refines return refines size,returns the number of refines attached to this node
public filter node get top return topnode,returns the node above this node
public void set top filter node node topnode node,sets the node above this node
public void update popups map event e either should description be updated or map is shown if sub map update description e else fixme original trigger is used if e hit type map event hit none original trigger null e map object map event original trigger map object kill sub win update description e else move sub win e,this function is the entry point for event handling for popups
public string get type return mime type substring 0 slash,returns the main mime type
public file get java file return new file get path,returns a java file object pointing to the file represented by this
public string get sub type return mime type substring slash 1,returns the subtype
public string get scheme return uri substring 0 colon location,returns the code scheme code part of the uri
protected object get component from trigger object o if o instanceof map event o null return null map event e map event o if e null return null if e map object null info highlighter tool is infoable e map object return null if e hit type map event hit none return controller get concept map else if e map object null return e map object return null,a description originates from either the map or a concept
public string get scheme specific return uri substring colon location 1 fragment location,returns the code scheme specific code part of the uri
public string get fragment if fragment location uri length return return uri substring fragment location 1,returns the code fragment code part of the uri
protected object get description lookup object object o if o instanceof map event o null return null map event e map event o if e hit type map event hit none return controller get concept map else if e map object null return e map object return null,a description originates from either the map or a concept
public string get base return uri substring 0 fragment location,returns a string without the code fragment code part of the uri
public void set forward direction boolean forward this forward direction forward,the direction to set
public void fire edit event edit event e is edited true fire edit event no edit e,fires an edit event to all listeners and marks the
public uri try uri string uri throws invalid uriexception try return new uri uri catch urisyntax exception e throw new invalid uriexception e get message uri,tries to parse a uri using this resources uri as base uri
public component cache get cache return cache,returns the cache of this resource store
public concept get and reference concept uri uri throws component exception component c cache get component uri to string if c null if c instanceof concept return concept c throw new component exception the uri for the requested concept is already in use and is not a concept the uri requested was uri concept concept this component manager load concept uri cache reference component concept return concept,loads a concept referencing it in the cache
public boolean can handle uri uri uri return uri get scheme equals tmp,returns whether this formathandler can deal with a specified uri
public long get local file size return this local file size,returns the file size of the cached file
public date get last modification date return this last modification date,returns the date of the last modification
private void write stream to file input stream data file container buffered output stream bos null gzipoutput stream output null int count byte buf new byte get buffer size try bos new buffered output stream new file output stream container get buffer size output new gzipoutput stream bos get buffer size while count data read buf 0 get buffer size 1 output write buf 0 count catch ioexception ioe throw new info message exception ioe finally try if output null output close catch ioexception ioe,writes a string to a file
public date get cached date return cached date,returns the date and time when the container was cached
private void create parent directories string url throws ioexception remote storage exception string path remote storage helper get file path url if path null path length 1 path replace string sep string collection string tokenizer t new string tokenizer path sep int count t count tokens exclude the last token filename while t has more tokens count 1 collection sep t next token webdav resource mkcol method collection count else throw new illegal argument exception parameter must be a valid path,creates a full directory path if it does not exist
private ftpfile get ftpfile string path throws remote storage exception try ftpfile file this ftp resource list files path if file null file length 0 return file 0 else throw new remote storage exception failed to retrieve the requested information please make sure the path exists catch ioexception ioe throw new remote storage exception ioe,tries to return an ftpfile object
private void create parent directories string path throws ioexception if path null path length 1 path replace string sep string collection string tokenizer t new string tokenizer path sep int count t count tokens exclude the last token filename while t has more tokens count 1 collection sep t next token this ftp resource make directory collection count else throw new illegal argument exception parameter must be a valid path,creates a full directory path if it does not exist
public collaborilla stateless client get stateless client string service root collab config get collaborilla service root if service root null uri couch db url uri create collab config get collaborilla service root return new collaborilla couch db client couch db url get host couch db url get port else throw new illegal state exception collaborilla service has not been specified,reads the collaborilla host and port from the conzilla settings and
public void store locations list location infos if location infos null return config clear property settings conzilla collab locations iterator loc info it location infos iterator while loc info it has next location information info location information loc info it next string enc info encode location information info config add property settings conzilla collab locations enc info,stores the publishing locations in the conzilla configuration
public boolean is directory string url throws remote storage exception boolean result false try webdav resource set path remote storage helper get file path url result webdav resource is collection catch ioexception ioe throw new remote storage exception make sure path exists ioe return result,tells whether a location is a directory
public void store locations default list model model store locations collections list model elements,converts a default list model to a list and calls store locations list
public string get meta data uri uri return get meta data uri latest revision,requests the metadata of a container or context map
public string get meta data uri uri int revision collaborilla data set data set get data set uri revision string meta data null if data set null meta data data set get meta data return meta data,request the metadata of a container or context map
public default list model get locations list model default list model model new default list model list locations get locations iterator loc it locations iterator while loc it has next location information info location information loc it next model add element info return model,returns the publishing locations as a default list model
public string get tool tip string buffer tooltip new string buffer tooltip append html if description null tooltip append b description b br description br br if publishing location null tooltip append b publishing location b br publishing location br br if access location null tooltip append b public access location b br access location tooltip append html return tooltip to string,constructs a tooltip out of the available information in this object
public set get required containers uri uri return get required containers uri latest revision,requests a list of required containers dependencies of a contextmap
public boolean is directory string url throws remote storage exception this check connection return this get ftpfile remote storage helper get file path url is directory,checks whether a url is a directory
public set get required containers uri uri int revision collaborilla data set data set get data set uri revision set containers null if data set null containers data set get required containers return containers,requests a list of required containers dependencies of a contextmap
public set get optional containers uri uri return get optional containers uri latest revision,requests a list of optional containers contributions of a contextmap
public void store previously used destination location information info string enc info encode location information info config set property settings conzilla collab prev location enc info,stores the setting of the last used destination information
public date get creation date string url throws remote storage exception string str date get property url creationdate if str date null return null date date null date format formatter new simple date format yyyy mm dd t hh mm ss try date formatter parse str date catch parse exception pe throw new remote storage exception pe return date,checks for the date of creation of a file
public set get optional containers uri uri int revision collaborilla data set data set get data set uri revision set containers null if data set null containers data set get optional containers return containers,requests a list of optional containers contributions of a contextmap
public set resolve uriand return set uri uri return resolve uriand return set uri latest revision,queries the collaborilla service to resolve a given uri into a url
public set resolve uriand return set uri uri int revision collaborilla data set data set get data set uri revision set locations null if data set null locations data set get locations return locations,this method takes the revision of the published container into
public string resolve uri uri uri return resolve uri uri latest revision,queries the collaborilla service to resolve a given uri into a url
public string resolve uri uri uri int revision set locations resolve uriand return set uri revision if locations null locations is empty return string locations to array 0 else return null,this method takes the revision of the published container into
private string encode location information location information info string enc title string enc description string enc publishing location string enc public access location try enc title urlencoder encode info get title utf 8 enc description urlencoder encode info get description utf 8 enc publishing location urlencoder encode info get publishing location utf 8 enc public access location urlencoder encode info get public access location utf 8 catch unsupported encoding exception e log error unable to encode information e string enc info enc title enc description enc publishing location enc public access location return enc info,encodes a location information object so that it can be stored in the
public boolean is published uri uri if map controller is uriremote uri to string return false if support get meta data cache is cached uri to string return true if is online collaborilla data set data set get data set uri latest revision if data set null return true return false,detects whether a context map container or anything with a uri has been
public string get collaborilla service root return config get string settings conzilla collab service http collaborilla conzilla org rest v1,returns the hostname of the collaborilla service
public void set collaborilla service root string host name config set property settings conzilla collab service host name,sets the hostname of the collaborilla service
public void set user namespace string namespace config set property settings conzilla user namespace namespace,sets the namespace of the current user
private void load configuration url config url throws ioexception init main config main config load config url log info configuration loaded from config url,loads an already existing configuration
private void set modified boolean modified this modified modified,sets the modified status of this configuration
private void create configuration create all necessary directories file conf dir new file get configuration directory if conf dir exists conf dir is directory if conf dir mkdirs log error unable to create configuration directory init main config log info configuration created,creates a new configuration
private void start configuration saver log debug setting up configuration interval saving new timer schedule new configuration saver flushing interval flushing interval runtime get runtime add shutdown hook new thread new configuration saver,enables a timer task and a shutdown hook to store a modified configuration
public object clone throws clone not supported exception throw new clone not supported exception this get class is a singleton,this class is implemented as singleton so we want to avoid having
public string get agent uri string namespace if namespace length 0 return null if namespace ends with namespace return namespace profile,contructs the users personal uri with the help of the personal namespace
private input stream get input stream of container final container container throws ioexception we could also use piped streams but this requires threading and leads somehow to a broken pipe to be done byte array output stream out new byte array output stream rdfmodel m rdfmodel container we don t write with m write because sometimes it fails for some strange reason rdfwriter w m get writer rdf xml abbrev w write m out rdf xml abbrev return new byte array input stream out to byte array,converts a container into an input stream
private boolean information container is dependant upon string information uri session get container urifor concepts iterator concepts controller get view get map scroll pane get displayer get store manager get concepts iterator while concepts has next concept c concept concepts next for iterator rel cont c get component manager get loaded relevant containers iterator rel cont has next if information uri equals uri rel cont next to string return true return false,checks whether the information container of the current session is required
private void load index file index file buffered input stream bis null xmldecoder input null try log debug loading index from index file bis new buffered input stream new file input stream index file buffer size input new xmldecoder bis cache map hash map input read object catch ioexception ioe instead of throwing an exception this create index this clear log error unable to load cache index ioe throw new info message exception unable to load cache index ioe finally if input null input close,loads deserializes an existing index from disk into memory
private void create index file cache dir file new file get cache directory if cache dir file exists cache dir file is directory log info cache directory does not exist creating if cache dir file mkdirs log warn unable to create cache directory throw new info message exception unable to create cache directory cache map new hash map,creates a new index and eventually non existing cache directories
protected void set modified boolean value this modified value,a marker for the method flush that something has changed
protected boolean is modified return this modified,tells whether the cache index has been modified and therefore needs to be
private void print information string info string old value this information this information info fire property change prop progress info old value this information,fires a property change event with some information
public void add consumer input stream consumer consumer synchronized consumers this consumers add consumer,adds a single input stream consumer object to the internal collection of
public void run check usable byte buffer new byte buffer size int read count byte count 0 usable false try while true we read from the input stream and write into all output streams if read count input read buffer 1 output write buffer 0 read count byte count read count else eof output flush output close break catch ioexception ioe this should be replaced with something different log error ioe finally try if input null input close catch ioexception ioe finished true,reads from an uncompressed input stream and writes to an output stream
public input stream create input stream throws ioexception this check usable piped input stream pis piped output stream pos splice piped input stream and piped output stream together pis new custom piped input stream this buffer size pos new piped output stream pis this sources add pis this sinks add pos return pis,returns an input stream which will contain the same data as the source
private void print error string error string old value this information this information error log error error fire property change prop progress error old value this information,fires a property change event with an error message
private void set percentage int percentage if 0 percentage percentage 100 throw new illegal argument exception percentage cannot be less than 0 or more than 100 int old value this percentage this percentage percentage fire property change prop progress percentage old value percentage,fires a property change event to signal that the progress percentage has
public void join consumer threads boolean interrupted thread interrupted try we wait until all consumer threads have been created this join catch interrupted exception ie while threads is empty try thread threads get 0 join threads remove 0 catch interrupted exception ie interrupted true if interrupted thread current thread interrupt,waits until all action threads are finished
public long get byte count return this byte count,returns the amount of bytes which have been read from the input stream
private void finish fire property change prop progress finished inprogress finished,fires a property change event to signal that the process has been finished
private void cancel fire property change prop progress cancelled inprogress cancelled,fires a property change event to signal that the process has been
public void initialize rdfcomponent manager rcm rdfmodel initialize in model this rcm rcm initialize in model initialize in model refresh relevant containers set edited true,initializes stuff use when to create a new component
public void update rdfcomponent manager rcm updating true this rcm rcm init update iterator it rcm get loaded relevant containers iterator while it has next rdfmodel m rdfmodel rcm get container uri it next update from model m end update updating false,should be called whenever the resource is loaded from model or whenever
protected void initialize in model rdfmodel model this model model rcm container is relevant uri create model get uri,called to accomplish initialize a rdfcomponent in the the given rdfmodel
public void remove from model rdfmodel model throws read only exception if is editable throw new read only exception read only set path type line style path type straight resource object model get resource get uri statement st1 object get property cv subject layout if st1 null st1 remove statement st2 object get property cv object layout if st2 null st2 remove remove the type statement st3 object get property rdf type if st3 null st3 remove remove the line set line new context map position 0,removes the statement layout from the two connecting concept layouts
protected void init update type null rcm refresh refresh relevant containers,typically updating of stuff that was initialized with initialize in model
protected void update from model rdfmodel m,here this rdfcomponent has a chance to load information from the given
public drawer layout get subject layout return subject,returns the subjet of this statement layout
public drawer layout get object layout return object,returns the object of this statement layout
public resource get resource rdfmodel model get load model if resource null if model null try resource model get resource get uri return resource catch exception re re print stack trace resource new resource impl get uri return resource,returns the jena component corresponding to this rdfcomponent
public rdfmodel get load model if model null container cont rcm get container manager find load container for resource this if cont instanceof rdfmodel log error load model is not an rdfmodel if cont null cont rcm get current concept container model rdfmodel cont return model,overload for correct type handling
public boolean get tree tag node load container domination return this tree tag node load model domination,tells wether to stay in the same model as the treenode above when
protected vector excavate styles stmt iterator stmts vector styles new vector if stmts null while stmts has next string str stmts next statement get resource get uri log debug found one style has string str rdfcomponent style get style str if style null styles add style return styles,help function that extracts the first style it can find from a
public rdfmodel get load model if model null resource subject new resource impl get uri model total model find1 model subject rdf type null model rdfcontainer manager rcm get container manager find1 model subject rdf type node type if model null model rdfmodel rcm get current concept container return model,overload for correct type handling
public void set tree tag node load container domination boolean value this tree tag node load model domination value,change this whenever you want to create new layers in new models e
protected rdfcomponent get style string str style try rdfcomponent resource rdfcomponent store get and reference concept new uri str style return resource catch component exception ce catch urisyntax exception mue return null,retrieves a style given a identifier for it that is from
public boolean reflect to triple return this create triple,answers wether a triple should be created when a statement is created
protected void initialize in model rdfmodel model super initialize in model model mirror new mem tree tag node get uri to string uri create model get uri rcm get tag manager resource object model get resource get uri object add property rdf type node type if content uri null resource concept model get resource content uri object add property property concept,uses the given node type in the create constructor as type
public void set reflect to triple boolean trip this create triple trip,sets the mode regarding if triples should be created when a statement is
protected void init update super init update resource object get load model get resource get uri concept uri object get property cv displayresource get resource get uri statement stmt object get property property if stmt null content uri stmt get resource get uri get type if mirror null newmirror new mem tree tag node mirror get uri mirror get tag rcm get tag manager newmirror set priority mirror get priority newmirror set parent mutable tree node mirror get parent else newmirror new mem tree tag node get uri to string uri create model get uri rcm get tag manager,a new mirror is initiated
protected void end update super end update mirror newmirror,the new mirror is set to the new mirror
public void recursively remove from all relevant models vector object layouts new vector get children for int i object layouts size 1 i 0 i rdftree tag node rttn rdftree tag node object layouts element at i rttn recursively remove from all relevant models remove from all relevant models,recursively removes this node and all its children from all models
public void recursively remove from model rdfmodel model remove from model model true,recursively removes this node and all its children from the given model
protected void remove from model rdfmodel model remove from model model false,removes this rdftree tag node from the given model i
public component load component uri uri throws component exception statement st this container manager find1 new resource impl uri to string rdf type cv context map if st null rdfconcept map c map new rdfconcept map uri c map update new rdfcomponent manager this uri null true return c map else rdfconcept c new rdfconcept uri c update new rdfcomponent manager this uri null false return c,returns a resource i
public void add data tag string tag throws read only exception if is editable throw new read only exception read only model do this later,adds a visible data tag
public void remove data tag string tag throws read only exception if is editable throw new read only exception read only model do this later,removes a visible data tag
public void init population population int n0 int sample size genome start genome list sub population sub populations population get sub populations sub populations clear sub population sub population new sub population for int i 0 i n0 2 i sub population add new individual start genome sub population set population change function new population change function n0 0 0 sub populations add sub population sub population set sample size sample size,at start there is one subpopulation with n0 individuals all having the
public void mutate site number d mutations add d double value,adds mutation has no effect if already present
public int get burn in return burn in,burn in time in generations before recording starts
public void set mutation rate double mu this mutation rate mu,whole locus mutation rate per generation
public void set recombination rate double r this recombination rate r,whole locus recombination rate per generation
public void set selection coefficient double s this selection coefficient s,relative fitness advantage of advantageous mutation
private string parse path http servlet request request return request get path info,returns the rest path portion of the url requesting the servlet e
private void initialize this set size 470 465 this set size 470 515 this set default close operation jframe exit on close this set jmenu bar get jjmenu bar principal this set resizable false this set content pane get jpanel this set title uel turing,this method initializes this
private jtext field get jtext field inicial if j text field inicial null j text field inicial new jtext field j text field inicial set document new fixed length document 3 j text field inicial set location new point 161 48 j text field inicial set size new dimension 34 20 return j text field inicial,this method initializes j text field inicial
private jtext field get jtext field final if j text field final null j text field final new jtext field j text field final set document new fixed length document 3 j text field final set location new point 161 78 j text field final set size new dimension 34 20 return j text field final,this method initializes j text field final
private jtext field get jtext field alfabeto if j text field alfabeto null j text field alfabeto new jtext field j text field alfabeto set size new dimension 205 20 j text field alfabeto set location new point 161 108 return j text field alfabeto,this method initializes j text field alfabeto
private text area get text area producao if text area producao null text area producao new text area text area producao set size new dimension 403 136 text area producao set location new point 30 188 return text area producao,this method initializes text area producao
private jmenu bar get jjmenu bar principal if j jmenu bar principal null j jmenu bar principal new jmenu bar j jmenu bar principal add get jmenu principal j jmenu bar principal add get jmenu sobre return j jmenu bar principal,this method initializes j jmenu bar principal
private jmenu get jmenu principal if j menu principal null j menu principal new jmenu j menu principal set text arquivo j menu principal add get jmenu item sair return j menu principal,this method initializes j menu principal
private jmenu get jmenu sobre if j menu sobre null j menu sobre new jmenu j menu sobre set text ajuda j menu sobre add get jmenu item sobre j menu sobre add get jmenu item desenvolvedores return j menu sobre,this method initializes j menu sobre
private jmenu item get jmenu item desenvolvedores if j menu item desenvolvedores null j menu item desenvolvedores new jmenu item j menu item desenvolvedores set text desenvolvedores j menu item desenvolvedores add action listener new java awt event action listener public void action performed java awt event action event e joption pane show message dialog null desenvolvedores n n fabio pessoa nunes n hevelin viviane ferrari n leandro cavalari soares n lucas jos severino n wender ferreira n n auto generated event stub action performed return j menu item desenvolvedores,this method initializes j menu item desenvolvedores
private jtext field get jtext field conj estados if j text field conj estados null j text field conj estados new jtext field j text field conj estados set bounds new rectangle 161 19 203 20 return j text field conj estados,this method initializes j text field conj estados
private jtext field get jtext field1 if j text field1 null j text field1 new jtext field j text field1 set preferred size new dimension 200 22 j text field1 set bounds new rectangle 160 63 200 22 return j text field1,this method initializes j text field1
private jtext field get jtext field2 if j text field2 null j text field2 new jtext field j text field2 set preferred size new dimension 200 22 j text field2 set bounds new rectangle 160 85 200 22 return j text field2,this method initializes j text field2
private jbutton get btn inserisci if btn inserisci null try btn inserisci new jbutton btn inserisci set bounds new java awt rectangle 200 40 101 26 generated btn inserisci set text aggiorna btn inserisci add action listener new java awt event action listener public void action performed java awt event action event e inserisci catch java lang throwable e todo something return btn inserisci,this method initializes btn inserisci
private jcombo box get jcombo box if j combo box null j combo box new my combo dist dbm j combo box set preferred size new dimension 200 22 j combo box set bounds new rectangle 160 41 200 22 j combo box state change update combo j combo box add item listener new java awt event item listener public void item state changed java awt event item event e update combo return j combo box,this method initializes j combo box
private jbutton get jbutton if j button null j button new jbutton j button set bounds new rectangle 200 88 101 26 j button set text annulla j button add mouse listener new java awt event mouse adapter public void mouse clicked java awt event mouse event e close return j button,this method initializes j button
private jbutton get jbutton1 if j button1 null j button1 new jbutton j button1 set text aggiorna j button1 set bounds new rectangle 220 160 90 26 j button1 add mouse listener new java awt event mouse adapter public void mouse clicked java awt event mouse event e try int i aggiorna if i 0 joption pane show message dialog j frame aggiornamento non riuscito avviso joption pane information message else close catch exception e21 system err println e21 return j button1,this method initializes j button1
private jpassword field get jripeti password if j ripeti password null j ripeti password new jpassword field j ripeti password set bounds new rectangle 15 230 161 21 return j ripeti password,this method initializes j ripeti password
private jbutton get jbutton2 if j button2 null j button2 new jbutton j button2 set bounds new rectangle 70 160 90 26 j button2 set text chiudi j button2 add mouse listener new java awt event mouse adapter public void mouse clicked java awt event mouse event e try close catch exception e30 e30 print stack trace return j button2,this method initializes j button2
private jtext field get jtext field if j text field null j text field new jtext field j text field set preferred size new dimension 200 22 j text field set bounds new rectangle 130 23 200 22 return j text field,this method initializes j text field
private jtext field get jtext field1 if j text field1 null j text field1 new jtext field j text field1 set preferred size new dimension 200 22 j text field1 set bounds new rectangle 130 45 200 22 return j text field1,this method initializes j text field1
private jtext field get jtext field2 if j text field2 null j text field2 new jtext field j text field2 set preferred size new dimension 200 22 j text field2 set bounds new rectangle 130 199 200 22 return j text field2,this method initializes j text field2
